Beneficiary_ID,Last_Name,Middle_Name,First_Name,Gender_Code,Date_of_Birth,Date_of_Death,ESRD_Entitlement_code,ESRD_Benefits_code,ESRD_Dialysis_Type,Address
00111410N,TEST,E,TESTERSON,M,10111927,,0,0,0,111 Testerson Way Houston Texas 12345
00300105L,JOHNS,D,DOE,M,10111928,,0,0,0,111 Testerson Way Houston Texas 12345
0030010N1,JANE,D,DOE,F,10111929,,0,0,0,111 Testerson Way Houston Texas 12345
13468500S,WHITE,A,Joey,M,10111927,,0,0,0,"9525 Manchester Lane Bay Shore, NY 11706"
3001046D1,TOM,C,CRUISE,M,10021980,,0,0,2,"20 Tailwater Ave.
Livermore, CA 94550"
00120750N,APPLE,M,Ben,M,9241945,,1,3,2,"20 Tailwater Ave.
Livermore, CA 94550"
12075010A,Joe,M,Ann,F,2041945,,0,1,0,"689 NW. Primrose Ave.
Wappingers Falls, MD 12590"
00121420L,Doe,M,Marie,F,9141951,,0,1,1,"254 Saxon St.
Goodlettsville, TN 37072"
12142010B,Felsen,M,Todd,M,9041912,,0,1,3,"59 Depot Street
Glen Allen, VA 23059"
12730010G,Phil,M,Sasha,F,9241952,,0,2,4,"52 Lyme Dr.
Avon Lake, OH 44012"
14345015R,KING,S,Eric,M,2221935,,0,1,4,"40 Riverview Ave.
Manchester Township, NJ 08759"
14346015D,JOHNS,A,Emma,F,8011940,,0,1,5,"833 Lafayette Road
New York, NY 10016"
14444010S,Clooney,S,Leslie,M,2221942,,1,0,3,"286 Glendale Dr.
Key West, FL 33040"
00220750N,BONJOV,J,Rebecca,F,1011945,,0,0,2,"40 Middle River Road
Lewiston, ME 04240"
00220850N,Robinson,J,Brad,M,1011939,,0,2,1,"7555 Military Ave.
Lansdale, PA 19446"
00221420L,SAMBOR,R,Daniel,M,1011935,,0,3,2,"8628A Mulberry St.
Laguna Niguel, CA 92677"
10229950N,Grant,B,Jennifer,F,5261926,,0,1,0,"658 Hawthorne Dr.
Rockville, MD 20850"
00234110L,Demon,M,Mary,F,9171957,,0,0,1,"536 Logan St.
Collierville, TN 38017"
0030010L1,Surine,M,Mike,M,1111930,,1,1,1,"692 E. Westminster Drive
Brooklyn, NY 11215"
20032310N,Webster,M,Michelle,F,1011955,,1,1,3,"357 Indian Summer Drive
Calumet City, IL 60409"
43001046D,MILLER,M,Donny,F,3041956,,1,1,1,"629 West Ann Ave.
Menomonee Falls, WI 53051"
3203906W,Custer,J,Julie,F,6121938,,1,3,2,"64 W. Smith Drive
Strongsville, OH 44136"
20042545L,Burberg,J,Scott,M,7081955,,0,3,0,"91 Somerset Ave.
Oceanside, CA 92054"
10042565L,Laynee,J,Rose,F,4031940,,0,2,2,"1 Stonybrook Dr.
Waynesboro, PA 17268"
43347010H,LANDRY,Z,Josh,M,12121951,,0,1,0,"28 Pin Oak Court
Ephrata, PA 17522"
50043460L,Alba,Z,Bonnie,F,3101933,,0,1,2,"8840 Orange Rd.
Hamburg, NY 14075"
52075010D,Pesci,M,Jason,M,10011946,9102019,0,1,3,"38 Parker Dr.
Grandville, MI 49418"
00612350L,Hanks,B,Rick,M,3151956,,0,0,0,"110 Oak Valley St.
Bronx, NY 10461"
00672300L,Depp,B,Melissa,F,4181976,,0,0,0,"7747 George St.
Colonial Heights, VA 23834"
00721420L,Wahlberg,M,Carl,M,9031969,,0,0,0,"101 E. Miles Drive
Bridgeport, CT 06606"
00822620L,Washington,S,Joseph,F,11051945,,0,1,0,"4 NE. Kirkland Rd.
Cuyahoga Falls, OH 44221"
784323010,Johnson,M,John,M,9041956,,1,0,0,"8670 Rockland Drive
Hampton, VA 23666"
583220601,MANNIN,P,Rani,F,7081977,,1,1,1,"7410 N. Saxon Lane
Annandale, VA 22003"
20082100L,Hager,R,Avon,M,5041970,,0,0,0,"349 Maple Dr.
Port Orange, FL 32127"
A20082110,Murphy,R,Jared,M,10031950,8052015,0,0,0,"44 Mayfield St.
Peabody, MA 01960"
A2075000L,Martin,M,Julie,F,2041945,,0,1,1,"436 Peg Shop Street
Bowie, MD 20715"
A4345540L,Mertz,S,Thomson,M,9021956,,1,0,2,"7648 North Colonial St.
Spring Valley, NY 10977"
A43455440,West,S,Eddie,F,3141945,,0,1,2,"55 Howard Ave.
Sulphur, LA 70663"
A4345545L,Call,A,Tony,M,3161946,,1,0,3,"614 Creek Avenue
Apt 42
Hendersonville, NC 28792"
A43455450,Turner,A,Tyler,M,3141947,,0,1,1,"19 Golden Star Ave.
Brighton, MA 02135"
A4356440L,Lucas,S,John,M,3141948,,0,1,0,"9519 E. 6th Drive
Memphis, TN 38106"
A43456443,Benz,S,Mark,M,3141949,,0,1,0,"575 W. Meadowbrook Street
Casselberry, FL 32707"
A4345640L,Matthews,A,Jeff,U,3141950,,0,1,2,"91 Bank Avenue
New Haven, CT 06511"
A43456453,Sunker,A,Mark,M,3141951,,0,1,3,"118 Arch Lane
Shirley, NY 11967"
B1311100L,Palmer,B,Brad,M,3141952,,0,0,4,"45 Hartford St.
New Kensington, PA 15068"
B22555010,Jolie,B,Emma,F,3141953,,0,0,3,"607 East Gregory St.
North Olmsted, OH 44070"
B2995560L,Affleck,B,Earl,M,3141954,,0,1,1,"381 Corona Lane
Mason City, IA 50401"
B2995100L,Newman,B,Kim,F,3141955,,0,1,0,"8905 Spruce Lane
Bonita Springs, FL 34135"
B3458123N,Thornton,B,Will,M,3141956,,0,0,1,"7254 Hawthorne St.
Santee, CA 92071"
B3458891L,Smith,B,Bill,M,5031978,,0,2,2,"9595 Fawn St.
Lynn, MA 01902"
B40643601,ZERO,J,Debra,U,8081938,,1,2,3,"9221 E. New Drive
Egg Harbor Township, NJ 08234"
B7744400L,Iceberg,B,Jessie,F,5261926,,1,2,0,"89 Greystone Avenue
Marshalltown, IA 50158"
C20809010,Hollsmine,M,Maddy,F,11011930,,0,2,0,"9898 El Dorado Court
Sacramento, CA 95823"
